{"name":"t:sections.footer.name","type":"footer","sections":{"newsletter":{"type":"newsletter","blocks":{"heading":{"type":"heading","settings":{"heading":"Tá liso? Sem stress, a intenção é o que conta!","heading_size":"h2"}},"paragraph":{"type":"paragraph","settings":{"text":"<p>Cadastre seu email e fique por dentro das aventuras da Sara antes de todo mundo.<br\/>*mas só se a gente souber que tu é né bença!?<\/p>"}},"email-form":{"type":"email_form","settings":{}}},"block_order":["heading","paragraph","email-form"],"settings":{"color_scheme":"scheme-2","full_width":true,"padding_top":44,"padding_bottom":8}},"footer":{"type":"footer","settings":{"color_scheme":"scheme-2","newsletter_enable":false,"newsletter_heading":"Subscribe to our emails","enable_follow_on_shop":true,"show_social":true,"enable_country_selector":true,"enable_language_selector":true,"payment_enable":false,"show_policy":false,"margin_top":0,"padding_top":44,"padding_bottom":48}}},"order":["newsletter","footer"]}