{"name":"t:sections.header.name","type":"header","sections":{"announcement-bar":{"type":"announcement-bar","blocks":{"announcement-bar-0":{"type":"announcement","settings":{"text":"Presenteie a Sara: cada item se torna um carinho e sua mensagem, um abraço eterno","link":""}},"announcement_kdmpMr":{"type":"announcement","settings":{"text":"Se preferir pode mandar pix. Nós preferimos.","link":""}}},"block_order":["announcement-bar-0","announcement_kdmpMr"],"settings":{"color_scheme":"scheme-2","show_line_separator":false,"show_social":false,"auto_rotate":true,"change_slides_speed":10,"enable_country_selector":false,"enable_language_selector":false}},"header":{"type":"header","settings":{"logo_position":"top-center","menu":"main-menu","menu_type_desktop":"dropdown","sticky_header_type":"on-scroll-up","show_line_separator":false,"color_scheme":"scheme-1","menu_color_scheme":"scheme-1","enable_country_selector":true,"enable_language_selector":true,"mobile_logo_position":"center","margin_bottom":24,"padding_top":20,"padding_bottom":20}}},"order":["announcement-bar","header"]}