{"sections":{"main-collection-banner":{"type":"main-collection-banner","settings":{"show_collection_description":false,"show_collection_image":false,"color_scheme":"scheme-1"}},"main-collection-product-grid":{"type":"main-collection-product-grid","settings":{"products_per_page":20,"columns_desktop":4,"color_scheme":"scheme-1","image_ratio":"adapt","image_shape":"default","show_secondary_image":true,"show_vendor":false,"show_rating":false,"enable_quick_add":false,"enable_filtering":true,"filter_type":"vertical","enable_sorting":true,"columns_mobile":"2","padding_top":0,"padding_bottom":68}},"170961756830a93f50":{"type":"apps","blocks":{"judge_me_reviews_featured_carousel_mUMrKV":{"type":"shopify:\/\/apps\/judge-me-reviews\/blocks\/featured_carousel\/61ccd3b1-a9f2-4160-9fe9-4fec8413e5d8","settings":{"maxwidth":1080}}},"block_order":["judge_me_reviews_featured_carousel_mUMrKV"],"settings":{"include_margins":true}}},"order":["main-collection-banner","main-collection-product-grid","170961756830a93f50"]}