{"sections":{"image-with-text":{"type":"image-with-text","blocks":{"heading":{"type":"heading","settings":{"heading":"Chá de Bebê da Sara","heading_size":"h1"}},"caption_FQQQcT":{"type":"caption","settings":{"caption":"Junte-se a nós! Escolha um presente ou deixe uma mensagem de carinho.","text_style":"caption-with-letter-spacing","text_size":"medium"}},"button":{"type":"button","settings":{"button_label":"Enviar Amor","button_link":"shopify:\/\/collections\/all","button_style_secondary":false}}},"block_order":["heading","caption_FQQQcT","button"],"settings":{"image":"shopify:\/\/shop_images\/Default_Banner_image_with_a_realistic_brazilian_baby_girl_and_3.jpg","height":"large","desktop_image_width":"large","layout":"text_first","desktop_content_position":"middle","desktop_content_alignment":"left","content_layout":"overlap","section_color_scheme":"scheme-1","color_scheme":"scheme-2","image_behavior":"none","mobile_content_alignment":"left","padding_top":0,"padding_bottom":0}},"featured-collection":{"type":"featured-collection","settings":{"title":"Sugestões de presente: onde o 'cute' encontra o 'custo'","heading_size":"h2","description":"","show_description":false,"description_style":"body","collection":"sugestoes-de-destaques","products_to_show":4,"columns_desktop":4,"full_width":false,"show_view_all":false,"view_all_style":"solid","enable_desktop_slider":true,"color_scheme":"scheme-1","image_ratio":"square","image_shape":"default","show_secondary_image":true,"show_vendor":false,"show_rating":false,"enable_quick_add":false,"columns_mobile":"2","swipe_on_mobile":true,"padding_top":56,"padding_bottom":68}},"rich_text_facmhd":{"type":"rich-text","blocks":{"text_h44VHG":{"type":"text","settings":{"text":"<h4><strong>\"Nossa missão é proporcionar o desenvolvimento pleno dessa pessoa incrível que virá ao mundo e garantir que o celular dos pais esteja cheio de fotos dela, e não de notificações de atraso no pagamento de faturas.\"<\/strong><\/h4>"}},"text_b8ebB9":{"type":"text","settings":{"text":"<p>Lucas Valério | Pai<\/p>"}}},"block_order":["text_h44VHG","text_b8ebB9"],"settings":{"desktop_content_position":"center","content_alignment":"center","color_scheme":"scheme-2","full_width":false,"padding_top":20,"padding_bottom":20}},"collage_QTD78R":{"type":"collage","blocks":{"image_BYwepf":{"type":"image","settings":{"image":"shopify:\/\/shop_images\/main-image-1_ba48de6f-765a-4c8d-bd2d-0bd6cd67d617.jpg"}},"product_y778b7":{"type":"product","settings":{"product":"fralda-de-pano-1","second_image":false}},"product_mVcP8n":{"type":"product","settings":{"product":"fralda-de-ombro","second_image":false}}},"block_order":["image_BYwepf","product_y778b7","product_mVcP8n"],"settings":{"heading":"","heading_size":"h1","desktop_layout":"left","mobile_layout":"column","card_styles":"product-card-wrapper","color_scheme":"","padding_top":36,"padding_bottom":36}},"17096168156dbd15f1":{"type":"apps","blocks":{"judge_me_reviews_featured_carousel_CVc3wD":{"type":"shopify:\/\/apps\/judge-me-reviews\/blocks\/featured_carousel\/61ccd3b1-a9f2-4160-9fe9-4fec8413e5d8","settings":{"maxwidth":1080}}},"block_order":["judge_me_reviews_featured_carousel_CVc3wD"],"settings":{"include_margins":true}},"collection_list_wQLqBn":{"type":"collection-list","blocks":{"featured_collection_4zq9RT":{"type":"featured_collection","settings":{"collection":"fralda"}},"featured_collection_dRyhpT":{"type":"featured_collection","settings":{"collection":"kit-banho"}},"featured_collection_rUt4Ma":{"type":"featured_collection","settings":{"collection":"organizacao"}}},"block_order":["featured_collection_4zq9RT","featured_collection_dRyhpT","featured_collection_rUt4Ma"],"settings":{"title":"Collections","heading_size":"h1","image_ratio":"square","columns_desktop":3,"color_scheme":"","show_view_all":false,"columns_mobile":"1","swipe_on_mobile":false,"padding_top":36,"padding_bottom":36}}},"order":["image-with-text","featured-collection","rich_text_facmhd","collage_QTD78R","17096168156dbd15f1","collection_list_wQLqBn"]}