{"sections":{"main":{"type":"main-product","blocks":{"vendor":{"type":"text","settings":{"text":"{{ product.vendor }}","text_style":"uppercase"}},"title":{"type":"title","settings":{}},"price":{"type":"price","settings":{}},"variant_picker":{"type":"variant_picker","settings":{"picker_type":"button","swatch_shape":"circle"}},"quantity_selector":{"type":"quantity_selector","settings":{}},"buy_buttons":{"type":"buy_buttons","settings":{"show_dynamic_checkout":false,"show_gift_card_recipient":false}},"description":{"type":"description","settings":{}},"share":{"type":"share","settings":{"share_label":"Share"}},"okendo_star_rating_khE8Fd":{"type":"shopify:\/\/apps\/okendo\/blocks\/star-rating\/bb689e69-ea70-4661-8fb7-ad24a2e23c29","settings":{"product":"{{product}}"}},"okendo_star_rating_T4Pktq":{"type":"shopify:\/\/apps\/okendo\/blocks\/star-rating\/bb689e69-ea70-4661-8fb7-ad24a2e23c29","settings":{"product":"{{product}}"}}},"block_order":["vendor","title","price","variant_picker","quantity_selector","buy_buttons","description","share","okendo_star_rating_khE8Fd","okendo_star_rating_T4Pktq"],"settings":{"enable_sticky_info":true,"color_scheme":"scheme-1","media_size":"medium","constrain_to_viewport":true,"media_fit":"contain","gallery_layout":"stacked","media_position":"left","image_zoom":"lightbox","mobile_thumbnails":"hide","hide_variants":false,"enable_video_looping":false,"padding_top":24,"padding_bottom":24}},"17096152025b64a28e":{"type":"apps","blocks":{"judge_me_reviews_review_widget_xDArWV":{"type":"shopify:\/\/apps\/judge-me-reviews\/blocks\/review_widget\/61ccd3b1-a9f2-4160-9fe9-4fec8413e5d8","settings":{}}},"block_order":["judge_me_reviews_review_widget_xDArWV"],"settings":{"include_margins":true}},"related-products":{"type":"related-products","settings":{"heading":"You may also like","heading_size":"h2","products_to_show":4,"columns_desktop":4,"color_scheme":"scheme-1","image_ratio":"adapt","image_shape":"default","show_secondary_image":false,"show_vendor":false,"show_rating":false,"columns_mobile":"2","padding_top":36,"padding_bottom":68}}},"order":["main","17096152025b64a28e","related-products"]}